id,status,result__focalYear,result__focalSample,result__targetYear,result__targetSample,result__statType,result__subject,result__grade,result__jurisdiction,result__scale,result__variable,result__variableLabel,result__valLabel,result__valValue,result__focalValue,result__isFocalStatDisplayable,result__focalErrorFlag,result__targetValue,result__isTargetStatDisplayable,result__targetErrorFlag,result__isSigDisplayable,result__gap,result__sig
1,200,2009,R3,2017,R3,MN:MN,MAT,4,AK,MRPCM,GENDER,Gender,Male,1,238.4459925,1,0,230.4517603,1,0,1,7.994232169,HIGHER
2,,2009,R3,2017,R3,MN:MN,MAT,4,AK,MRPCM,GENDER,Gender,Female,2,235.9293425,1,0,230.4611871,1,0,1,5.468155375,HIGHER
3,,2009,R3,2017,R3,MN:MN,MAT,4,AL,MRPCM,GENDER,Gender,Male,1,227.7181926,1,0,232.4585701,1,0,1,-4.740377461,LOWER
4,,2009,R3,2017,R3,MN:MN,MAT,4,AL,MRPCM,GENDER,Gender,Female,2,228.2247489,1,0,231.8784817,1,0,1,-3.653732845,LOWER
5,,2009,R3,2017,R3,MN:MN,MAT,4,AR,MRPCM,GENDER,Gender,Male,1,238.8245826,1,0,234.9807022,1,0,1,3.843880386,HIGHER
6,,2009,R3,2017,R3,MN:MN,MAT,4,AR,MRPCM,GENDER,Gender,Female,2,236.1995327,1,0,232.6649876,1,0,1,3.534545133,HIGHER
7,,2009,R3,2017,R3,MN:MN,MAT,4,AZ,MRPCM,GENDER,Gender,Male,1,230.2839495,1,0,235.6316557,1,0,1,-5.347706172,LOWER
8,,2009,R3,2017,R3,MN:MN,MAT,4,AZ,MRPCM,GENDER,Gender,Female,2,229.6868592,1,0,233.2150457,1,0,1,-3.528186524,LOWER
9,,2009,R3,2017,R3,MN:MN,MAT,4,CA,MRPCM,GENDER,Gender,Male,1,232.6138321,1,0,233.2656862,1,0,1,-0.651854043,EQUAL
10,,2009,R3,2017,R3,MN:MN,MAT,4,CA,MRPCM,GENDER,Gender,Female,2,230.6765415,1,0,231.2155055,1,0,1,-0.538964046,EQUAL
11,,2009,R3,2017,R3,MN:MN,MAT,4,CO,MRPCM,GENDER,Gender,Male,1,243.965015,1,0,240.2821937,1,0,1,3.682821273,EQUAL
12,,2009,R3,2017,R3,MN:MN,MAT,4,CO,MRPCM,GENDER,Gender,Female,2,242.2698015,1,0,241.1372973,1,0,1,1.132504124,EQUAL
13,,2009,R3,2017,R3,MN:MN,MAT,4,CT,MRPCM,GENDER,Gender,Male,1,246.4001882,1,0,241.4876106,1,0,1,4.912577634,HIGHER
14,,2009,R3,2017,R3,MN:MN,MAT,4,CT,MRPCM,GENDER,Gender,Female,2,242.9610879,1,0,236.9166503,1,0,1,6.044437553,HIGHER
15,,2009,R3,2017,R3,MN:MN,MAT,4,DC,MRPCM,GENDER,Gender,Male,1,217.9480023,1,0,231.3590099,1,0,1,-13.41100755,LOWER
16,,2009,R3,2017,R3,MN:MN,MAT,4,DC,MRPCM,GENDER,Gender,Female,2,220.5677797,1,0,231.2817799,1,0,1,-10.71400017,LOWER
17,,2009,R3,2017,R3,MN:MN,MAT,4,DE,MRPCM,GENDER,Gender,Male,1,241.1687191,1,0,235.5916588,1,0,1,5.577060343,HIGHER
18,,2009,R3,2017,R3,MN:MN,MAT,4,DE,MRPCM,GENDER,Gender,Female,2,237.7510974,1,0,236.668776,1,0,1,1.082321407,EQUAL
19,,2009,R3,2017,R3,MN:MN,MAT,4,FL,MRPCM,GENDER,Gender,Male,1,242.5444211,1,0,247.4765145,1,0,1,-4.932093335,LOWER
20,,2009,R3,2017,R3,MN:MN,MAT,4,FL,MRPCM,GENDER,Gender,Female,2,241.3373227,1,0,245.23157,1,0,1,-3.894247337,LOWER
21,,2009,R3,2017,R3,MN:MN,MAT,4,GA,MRPCM,GENDER,Gender,Male,1,236.5085199,1,0,236.6667509,1,0,1,-0.158230994,EQUAL
22,,2009,R3,2017,R3,MN:MN,MAT,4,GA,MRPCM,GENDER,Gender,Female,2,235.5460739,1,0,236.0913659,1,0,1,-0.545291935,EQUAL
23,,2009,R3,2017,R3,MN:MN,MAT,4,HI,MRPCM,GENDER,Gender,Male,1,235.2669195,1,0,238.0754512,1,0,1,-2.808531666,EQUAL
24,,2009,R3,2017,R3,MN:MN,MAT,4,HI,MRPCM,GENDER,Gender,Female,2,236.1308716,1,0,237.750739,1,0,1,-1.61986734,EQUAL
25,,2009,R3,2017,R3,MN:MN,MAT,4,IA,MRPCM,GENDER,Gender,Male,1,243.3199286,1,0,245.0853816,1,0,1,-1.765453055,EQUAL
26,,2009,R3,2017,R3,MN:MN,MAT,4,IA,MRPCM,GENDER,Gender,Female,2,241.8441682,1,0,240.9940059,1,0,1,0.850162306,EQUAL
27,,2009,R3,2017,R3,MN:MN,MAT,4,ID,MRPCM,GENDER,Gender,Male,1,241.9403591,1,0,241.643382,1,0,1,0.29697709,EQUAL
28,,2009,R3,2017,R3,MN:MN,MAT,4,ID,MRPCM,GENDER,Gender,Female,2,240.1308958,1,0,238.2289001,1,0,1,1.901995687,EQUAL
29,,2009,R3,2017,R3,MN:MN,MAT,4,IL,MRPCM,GENDER,Gender,Male,1,239.6526887,1,0,239.6449667,1,0,1,0.00772193,EQUAL
30,,2009,R3,2017,R3,MN:MN,MAT,4,IL,MRPCM,GENDER,Gender,Female,2,236.9052525,1,0,236.6028134,1,0,1,0.302439132,EQUAL
31,,2009,R3,2017,R3,MN:MN,MAT,4,IN,MRPCM,GENDER,Gender,Male,1,242.9870434,1,0,248.2432237,1,0,1,-5.256180212,LOWER
32,,2009,R3,2017,R3,MN:MN,MAT,4,IN,MRPCM,GENDER,Gender,Female,2,242.2299855,1,0,244.6945339,1,0,1,-2.46454845,EQUAL
33,,2009,R3,2017,R3,MN:MN,MAT,4,KS,MRPCM,GENDER,Gender,Male,1,246.161674,1,0,242.4832381,1,0,1,3.678435871,HIGHER
34,,2009,R3,2017,R3,MN:MN,MAT,4,KS,MRPCM,GENDER,Gender,Female,2,244.3872114,1,0,239.8473267,1,0,1,4.539884693,HIGHER
35,,2009,R3,2017,R3,MN:MN,MAT,4,KY,MRPCM,GENDER,Gender,Male,1,240.0342356,1,0,240.7846346,1,0,1,-0.750398961,EQUAL
36,,2009,R3,2017,R3,MN:MN,MAT,4,KY,MRPCM,GENDER,Gender,Female,2,237.5675195,1,0,237.5202772,1,0,1,0.04724221,EQUAL
37,,2009,R3,2017,R3,MN:MN,MAT,4,LA,MRPCM,GENDER,Gender,Male,1,230.1209562,1,0,228.6041819,1,0,1,1.516774313,EQUAL
38,,2009,R3,2017,R3,MN:MN,MAT,4,LA,MRPCM,GENDER,Gender,Female,2,228.6899391,1,0,229.3514084,1,0,1,-0.661469259,EQUAL
39,,2009,R3,2017,R3,MN:MN,MAT,4,MA,MRPCM,GENDER,Gender,Male,1,253.4405668,1,0,251.5534018,1,0,1,1.887164982,EQUAL
40,,2009,R3,2017,R3,MN:MN,MAT,4,MA,MRPCM,GENDER,Gender,Female,2,251.0823898,1,0,246.5965685,1,0,1,4.485821288,HIGHER
41,,2009,R3,2017,R3,MN:MN,MAT,4,MD,MRPCM,GENDER,Gender,Male,1,244.2405097,1,0,242.0755965,1,0,1,2.164913166,EQUAL
42,,2009,R3,2017,R3,MN:MN,MAT,4,MD,MRPCM,GENDER,Gender,Female,2,243.346193,1,0,239.0633464,1,0,1,4.282846559,HIGHER
43,,2009,R3,2017,R3,MN:MN,MAT,4,ME,MRPCM,GENDER,Gender,Male,1,246.5404608,1,0,240.2348413,1,0,1,6.305619527,HIGHER
44,,2009,R3,2017,R3,MN:MN,MAT,4,ME,MRPCM,GENDER,Gender,Female,2,242.2710866,1,0,239.5559952,1,0,1,2.715091379,EQUAL
45,,2009,R3,2017,R3,MN:MN,MAT,4,MI,MRPCM,GENDER,Gender,Male,1,237.5802861,1,0,236.8113307,1,0,1,0.768955363,EQUAL
46,,2009,R3,2017,R3,MN:MN,MAT,4,MI,MRPCM,GENDER,Gender,Female,2,234.9529816,1,0,234.2812085,1,0,1,0.671773057,EQUAL
47,,2009,R3,2017,R3,MN:MN,MAT,4,MN,MRPCM,GENDER,Gender,Male,1,251.2868955,1,0,250.3992494,1,0,1,0.887646084,EQUAL
48,,2009,R3,2017,R3,MN:MN,MAT,4,MN,MRPCM,GENDER,Gender,Female,2,247.556902,1,0,247.1810569,1,0,1,0.375845026,EQUAL
49,,2009,R3,2017,R3,MN:MN,MAT,4,MO,MRPCM,GENDER,Gender,Male,1,241.2338228,1,0,241.2361641,1,0,1,-0.002341349,EQUAL
50,,2009,R3,2017,R3,MN:MN,MAT,4,MO,MRPCM,GENDER,Gender,Female,2,240.0938702,1,0,237.6815798,1,0,1,2.41229038,EQUAL
51,,2009,R3,2017,R3,MN:MN,MAT,4,MS,MRPCM,GENDER,Gender,Male,1,226.6838904,1,0,235.4568755,1,0,1,-8.77298506,LOWER
52,,2009,R3,2017,R3,MN:MN,MAT,4,MS,MRPCM,GENDER,Gender,Female,2,227.854993,1,0,233.9021712,1,0,1,-6.047178221,LOWER
53,,2009,R3,2017,R3,MN:MN,MAT,4,MT,MRPCM,GENDER,Gender,Male,1,247.0098734,1,0,241.3452397,1,0,1,5.664633634,HIGHER
54,,2009,R3,2017,R3,MN:MN,MAT,4,MT,MRPCM,GENDER,Gender,Female,2,241.6644649,1,0,240.0414055,1,0,1,1.623059481,EQUAL
55,,2009,R3,2017,R3,MN:MN,MAT,4,NC,MRPCM,GENDER,Gender,Male,1,243.9695966,1,0,241.8521672,1,0,1,2.11742937,EQUAL
56,,2009,R3,2017,R3,MN:MN,MAT,4,NC,MRPCM,GENDER,Gender,Female,2,243.5792701,1,0,240.0058325,1,0,1,3.573437619,HIGHER
57,,2009,R3,2017,R3,MN:MN,MAT,4,ND,MRPCM,GENDER,Gender,Male,1,246.8088459,1,0,245.6263482,1,0,1,1.182497714,EQUAL
58,,2009,R3,2017,R3,MN:MN,MAT,4,ND,MRPCM,GENDER,Gender,Female,2,243.5153071,1,0,242.7488561,1,0,1,0.766450938,EQUAL
59,,2009,R3,2017,R3,MN:MN,MAT,4,NE,MRPCM,GENDER,Gender,Male,1,238.7568416,1,0,247.2209733,1,0,1,-8.464131684,LOWER
60,,2009,R3,2017,R3,MN:MN,MAT,4,NE,MRPCM,GENDER,Gender,Female,2,238.7398143,1,0,243.8434197,1,0,1,-5.103605408,LOWER
61,,2009,R3,2017,R3,MN:MN,MAT,4,NH,MRPCM,GENDER,Gender,Male,1,252.1974258,1,0,247.0152097,1,0,1,5.182216136,HIGHER
62,,2009,R3,2017,R3,MN:MN,MAT,4,NH,MRPCM,GENDER,Gender,Female,2,249.8650685,1,0,243.5917615,1,0,1,6.273307075,HIGHER
63,,2009,R3,2017,R3,MN:MN,MAT,4,NJ,MRPCM,GENDER,Gender,Male,1,248.4270377,1,0,248.2745697,1,0,1,0.152468071,EQUAL
64,,2009,R3,2017,R3,MN:MN,MAT,4,NJ,MRPCM,GENDER,Gender,Female,2,244.5251381,1,0,247.4159119,1,0,1,-2.89077376,EQUAL
65,,2009,R3,2017,R3,MN:MN,MAT,4,NM,MRPCM,GENDER,Gender,Male,1,230.6408759,1,0,230.41794,1,0,1,0.222935834,EQUAL
66,,2009,R3,2017,R3,MN:MN,MAT,4,NM,MRPCM,GENDER,Gender,Female,2,229.3881713,1,0,228.9597938,1,0,1,0.428377526,EQUAL
67,,2009,R3,2017,R3,MN:MN,MAT,4,NT,MRPCM,GENDER,Gender,Male,1,240.6176492,1,0,240.812409,1,0,1,-0.194759756,EQUAL
68,,2009,R3,2017,R3,MN:MN,MAT,4,NT,MRPCM,GENDER,Gender,Female,2,238.6944197,1,0,238.5940002,1,0,1,0.10041951,EQUAL
69,,2009,R3,2017,R3,MN:MN,MAT,4,NV,MRPCM,GENDER,Gender,Male,1,236.1033403,1,0,232.0763332,1,0,1,4.027007052,EQUAL
70,,2009,R3,2017,R3,MN:MN,MAT,4,NV,MRPCM,GENDER,Gender,Female,2,234.2039974,1,0,231.282843,1,0,1,2.921154449,EQUAL
71,,2009,R3,2017,R3,MN:MN,MAT,4,NY,MRPCM,GENDER,Gender,Male,1,241.8842705,1,0,237.6246512,1,0,1,4.259619374,HIGHER
72,,2009,R3,2017,R3,MN:MN,MAT,4,NY,MRPCM,GENDER,Gender,Female,2,239.3247083,1,0,233.4225455,1,0,1,5.902162768,HIGHER
73,,2009,R3,2017,R3,MN:MN,MAT,4,OH,MRPCM,GENDER,Gender,Male,1,245.4888563,1,0,241.4151473,1,0,1,4.073708989,HIGHER
74,,2009,R3,2017,R3,MN:MN,MAT,4,OH,MRPCM,GENDER,Gender,Female,2,241.8739448,1,0,240.4299969,1,0,1,1.443947864,EQUAL
75,,2009,R3,2017,R3,MN:MN,MAT,4,OK,MRPCM,GENDER,Gender,Male,1,237.9327104,1,0,238.7284487,1,0,1,-0.795738326,EQUAL
76,,2009,R3,2017,R3,MN:MN,MAT,4,OK,MRPCM,GENDER,Gender,Female,2,235.6251517,1,0,235.8625867,1,0,1,-0.237434957,EQUAL
77,,2009,R3,2017,R3,MN:MN,MAT,4,OR,MRPCM,GENDER,Gender,Male,1,239.9242304,1,0,235.1656413,1,0,1,4.758589063,HIGHER
78,,2009,R3,2017,R3,MN:MN,MAT,4,OR,MRPCM,GENDER,Gender,Female,2,235.9717557,1,0,231.0436143,1,0,1,4.928141427,HIGHER
79,,2009,R3,2017,R3,MN:MN,MAT,4,PA,MRPCM,GENDER,Gender,Male,1,244.738227,1,0,243.3370083,1,0,1,1.401218685,EQUAL
80,,2009,R3,2017,R3,MN:MN,MAT,4,PA,MRPCM,GENDER,Gender,Female,2,242.3648247,1,0,239.9799207,1,0,1,2.384904024,EQUAL
81,,2009,R3,2017,R3,MN:MN,MAT,4,RI,MRPCM,GENDER,Gender,Male,1,240.4065545,1,0,238.1539833,1,0,1,2.252571158,EQUAL
82,,2009,R3,2017,R3,MN:MN,MAT,4,RI,MRPCM,GENDER,Gender,Female,2,237.00482,1,0,236.9472733,1,0,1,0.057546712,EQUAL
83,,2009,R3,2017,R3,MN:MN,MAT,4,SC,MRPCM,GENDER,Gender,Male,1,236.128728,1,0,234.9054033,1,0,1,1.223324692,EQUAL
84,,2009,R3,2017,R3,MN:MN,MAT,4,SC,MRPCM,GENDER,Gender,Female,2,235.1828128,1,0,233.1288936,1,0,1,2.053919152,EQUAL
85,,2009,R3,2017,R3,MN:MN,MAT,4,SD,MRPCM,GENDER,Gender,Male,1,243.4159228,1,0,243.7656205,1,0,1,-0.349697708,EQUAL
86,,2009,R3,2017,R3,MN:MN,MAT,4,SD,MRPCM,GENDER,Gender,Female,2,240.6416357,1,0,239.3695192,1,0,1,1.272116411,EQUAL
87,,2009,R3,2017,R3,MN:MN,MAT,4,TN,MRPCM,GENDER,Gender,Male,1,232.1633181,1,0,236.9641708,1,0,1,-4.800852742,LOWER
88,,2009,R3,2017,R3,MN:MN,MAT,4,TN,MRPCM,GENDER,Gender,Female,2,231.4680404,1,0,236.4169963,1,0,1,-4.948955921,LOWER
89,,2009,R3,2017,R3,MN:MN,MAT,4,TX,MRPCM,GENDER,Gender,Male,1,240.8848503,1,0,241.0455667,1,0,1,-0.160716382,EQUAL
90,,2009,R3,2017,R3,MN:MN,MAT,4,TX,MRPCM,GENDER,Gender,Female,2,240.0262266,1,0,240.8321055,1,0,1,-0.805878877,EQUAL
91,,2009,R3,2017,R3,MN:MN,MAT,4,UT,MRPCM,GENDER,Gender,Male,1,241.3084911,1,0,244.4630631,1,0,1,-3.154572013,EQUAL
92,,2009,R3,2017,R3,MN:MN,MAT,4,UT,MRPCM,GENDER,Gender,Female,2,239.2707128,1,0,240.3107748,1,0,1,-1.040062072,EQUAL
93,,2009,R3,2017,R3,MN:MN,MAT,4,VA,MRPCM,GENDER,Gender,Male,1,244.6510166,1,0,250.4792791,1,0,1,-5.828262492,LOWER
94,,2009,R3,2017,R3,MN:MN,MAT,4,VA,MRPCM,GENDER,Gender,Female,2,241.4090858,1,0,245.4720066,1,0,1,-4.062920797,LOWER
95,,2009,R3,2017,R3,MN:MN,MAT,4,VT,MRPCM,GENDER,Gender,Male,1,248.878935,1,0,241.3230718,1,0,1,7.555863293,HIGHER
96,,2009,R3,2017,R3,MN:MN,MAT,4,VT,MRPCM,GENDER,Gender,Female,2,246.5994257,1,0,240.4434016,1,0,1,6.156024062,HIGHER
97,,2009,R3,2017,R3,MN:MN,MAT,4,WA,MRPCM,GENDER,Gender,Male,1,242.386301,1,0,243.2587772,1,0,1,-0.872476157,EQUAL
98,,2009,R3,2017,R3,MN:MN,MAT,4,WA,MRPCM,GENDER,Gender,Female,2,242.1216208,1,0,240.0872953,1,0,1,2.034325423,EQUAL
99,,2009,R3,2017,R3,MN:MN,MAT,4,WI,MRPCM,GENDER,Gender,Male,1,244.6730231,1,0,241.6846167,1,0,1,2.988406417,EQUAL
100,,2009,R3,2017,R3,MN:MN,MAT,4,WI,MRPCM,GENDER,Gender,Female,2,242.4100694,1,0,238.9828094,1,0,1,3.427260001,EQUAL
101,,2009,R3,2017,R3,MN:MN,MAT,4,WV,MRPCM,GENDER,Gender,Male,1,233.9941073,1,0,236.527612,1,0,1,-2.533504717,EQUAL
102,,2009,R3,2017,R3,MN:MN,MAT,4,WV,MRPCM,GENDER,Gender,Female,2,231.9295391,1,0,235.5821776,1,0,1,-3.652638528,LOWER
103,,2009,R3,2017,R3,MN:MN,MAT,4,WY,MRPCM,GENDER,Gender,Male,1,242.9470371,1,0,249.4317558,1,0,1,-6.484718689,LOWER
104,,2009,R3,2017,R3,MN:MN,MAT,4,WY,MRPCM,GENDER,Gender,Female,2,240.9895822,1,0,246.0675655,1,0,1,-5.077983309,LOWER
105,,2017,R3,2009,R3,MN:MN,MAT,4,AK,MRPCM,GENDER,Gender,Male,1,230.4517603,1,0,238.4459925,1,0,1,-7.994232169,LOWER
106,,2017,R3,2009,R3,MN:MN,MAT,4,AK,MRPCM,GENDER,Gender,Female,2,230.4611871,1,0,235.9293425,1,0,1,-5.468155375,LOWER
107,,2017,R3,2009,R3,MN:MN,MAT,4,AL,MRPCM,GENDER,Gender,Male,1,232.4585701,1,0,227.7181926,1,0,1,4.740377461,HIGHER
108,,2017,R3,2009,R3,MN:MN,MAT,4,AL,MRPCM,GENDER,Gender,Female,2,231.8784817,1,0,228.2247489,1,0,1,3.653732845,HIGHER
109,,2017,R3,2009,R3,MN:MN,MAT,4,AR,MRPCM,GENDER,Gender,Male,1,234.9807022,1,0,238.8245826,1,0,1,-3.843880386,LOWER
110,,2017,R3,2009,R3,MN:MN,MAT,4,AR,MRPCM,GENDER,Gender,Female,2,232.6649876,1,0,236.1995327,1,0,1,-3.534545133,LOWER
111,,2017,R3,2009,R3,MN:MN,MAT,4,AZ,MRPCM,GENDER,Gender,Male,1,235.6316557,1,0,230.2839495,1,0,1,5.347706172,HIGHER
112,,2017,R3,2009,R3,MN:MN,MAT,4,AZ,MRPCM,GENDER,Gender,Female,2,233.2150457,1,0,229.6868592,1,0,1,3.528186524,HIGHER
113,,2017,R3,2009,R3,MN:MN,MAT,4,CA,MRPCM,GENDER,Gender,Male,1,233.2656862,1,0,232.6138321,1,0,1,0.651854043,EQUAL
114,,2017,R3,2009,R3,MN:MN,MAT,4,CA,MRPCM,GENDER,Gender,Female,2,231.2155055,1,0,230.6765415,1,0,1,0.538964046,EQUAL
115,,2017,R3,2009,R3,MN:MN,MAT,4,CO,MRPCM,GENDER,Gender,Male,1,240.2821937,1,0,243.965015,1,0,1,-3.682821273,EQUAL
116,,2017,R3,2009,R3,MN:MN,MAT,4,CO,MRPCM,GENDER,Gender,Female,2,241.1372973,1,0,242.2698015,1,0,1,-1.132504124,EQUAL
117,,2017,R3,2009,R3,MN:MN,MAT,4,CT,MRPCM,GENDER,Gender,Male,1,241.4876106,1,0,246.4001882,1,0,1,-4.912577634,LOWER
118,,2017,R3,2009,R3,MN:MN,MAT,4,CT,MRPCM,GENDER,Gender,Female,2,236.9166503,1,0,242.9610879,1,0,1,-6.044437553,LOWER
119,,2017,R3,2009,R3,MN:MN,MAT,4,DC,MRPCM,GENDER,Gender,Male,1,231.3590099,1,0,217.9480023,1,0,1,13.41100755,HIGHER
120,,2017,R3,2009,R3,MN:MN,MAT,4,DC,MRPCM,GENDER,Gender,Female,2,231.2817799,1,0,220.5677797,1,0,1,10.71400017,HIGHER
121,,2017,R3,2009,R3,MN:MN,MAT,4,DE,MRPCM,GENDER,Gender,Male,1,235.5916588,1,0,241.1687191,1,0,1,-5.577060343,LOWER
122,,2017,R3,2009,R3,MN:MN,MAT,4,DE,MRPCM,GENDER,Gender,Female,2,236.668776,1,0,237.7510974,1,0,1,-1.082321407,EQUAL
123,,2017,R3,2009,R3,MN:MN,MAT,4,FL,MRPCM,GENDER,Gender,Male,1,247.4765145,1,0,242.5444211,1,0,1,4.932093335,HIGHER
124,,2017,R3,2009,R3,MN:MN,MAT,4,FL,MRPCM,GENDER,Gender,Female,2,245.23157,1,0,241.3373227,1,0,1,3.894247337,HIGHER
125,,2017,R3,2009,R3,MN:MN,MAT,4,GA,MRPCM,GENDER,Gender,Male,1,236.6667509,1,0,236.5085199,1,0,1,0.158230994,EQUAL
126,,2017,R3,2009,R3,MN:MN,MAT,4,GA,MRPCM,GENDER,Gender,Female,2,236.0913659,1,0,235.5460739,1,0,1,0.545291935,EQUAL
127,,2017,R3,2009,R3,MN:MN,MAT,4,HI,MRPCM,GENDER,Gender,Male,1,238.0754512,1,0,235.2669195,1,0,1,2.808531666,EQUAL
128,,2017,R3,2009,R3,MN:MN,MAT,4,HI,MRPCM,GENDER,Gender,Female,2,237.750739,1,0,236.1308716,1,0,1,1.61986734,EQUAL
129,,2017,R3,2009,R3,MN:MN,MAT,4,IA,MRPCM,GENDER,Gender,Male,1,245.0853816,1,0,243.3199286,1,0,1,1.765453055,EQUAL
130,,2017,R3,2009,R3,MN:MN,MAT,4,IA,MRPCM,GENDER,Gender,Female,2,240.9940059,1,0,241.8441682,1,0,1,-0.850162306,EQUAL
131,,2017,R3,2009,R3,MN:MN,MAT,4,ID,MRPCM,GENDER,Gender,Male,1,241.643382,1,0,241.9403591,1,0,1,-0.29697709,EQUAL
132,,2017,R3,2009,R3,MN:MN,MAT,4,ID,MRPCM,GENDER,Gender,Female,2,238.2289001,1,0,240.1308958,1,0,1,-1.901995687,EQUAL
133,,2017,R3,2009,R3,MN:MN,MAT,4,IL,MRPCM,GENDER,Gender,Male,1,239.6449667,1,0,239.6526887,1,0,1,-0.00772193,EQUAL
134,,2017,R3,2009,R3,MN:MN,MAT,4,IL,MRPCM,GENDER,Gender,Female,2,236.6028134,1,0,236.9052525,1,0,1,-0.302439132,EQUAL
135,,2017,R3,2009,R3,MN:MN,MAT,4,IN,MRPCM,GENDER,Gender,Male,1,248.2432237,1,0,242.9870434,1,0,1,5.256180212,HIGHER
136,,2017,R3,2009,R3,MN:MN,MAT,4,IN,MRPCM,GENDER,Gender,Female,2,244.6945339,1,0,242.2299855,1,0,1,2.46454845,EQUAL
137,,2017,R3,2009,R3,MN:MN,MAT,4,KS,MRPCM,GENDER,Gender,Male,1,242.4832381,1,0,246.161674,1,0,1,-3.678435871,LOWER
138,,2017,R3,2009,R3,MN:MN,MAT,4,KS,MRPCM,GENDER,Gender,Female,2,239.8473267,1,0,244.3872114,1,0,1,-4.539884693,LOWER
139,,2017,R3,2009,R3,MN:MN,MAT,4,KY,MRPCM,GENDER,Gender,Male,1,240.7846346,1,0,240.0342356,1,0,1,0.750398961,EQUAL
140,,2017,R3,2009,R3,MN:MN,MAT,4,KY,MRPCM,GENDER,Gender,Female,2,237.5202772,1,0,237.5675195,1,0,1,-0.04724221,EQUAL
141,,2017,R3,2009,R3,MN:MN,MAT,4,LA,MRPCM,GENDER,Gender,Male,1,228.6041819,1,0,230.1209562,1,0,1,-1.516774313,EQUAL
142,,2017,R3,2009,R3,MN:MN,MAT,4,LA,MRPCM,GENDER,Gender,Female,2,229.3514084,1,0,228.6899391,1,0,1,0.661469259,EQUAL
143,,2017,R3,2009,R3,MN:MN,MAT,4,MA,MRPCM,GENDER,Gender,Male,1,251.5534018,1,0,253.4405668,1,0,1,-1.887164982,EQUAL
144,,2017,R3,2009,R3,MN:MN,MAT,4,MA,MRPCM,GENDER,Gender,Female,2,246.5965685,1,0,251.0823898,1,0,1,-4.485821288,LOWER
145,,2017,R3,2009,R3,MN:MN,MAT,4,MD,MRPCM,GENDER,Gender,Male,1,242.0755965,1,0,244.2405097,1,0,1,-2.164913166,EQUAL
146,,2017,R3,2009,R3,MN:MN,MAT,4,MD,MRPCM,GENDER,Gender,Female,2,239.0633464,1,0,243.346193,1,0,1,-4.282846559,LOWER
147,,2017,R3,2009,R3,MN:MN,MAT,4,ME,MRPCM,GENDER,Gender,Male,1,240.2348413,1,0,246.5404608,1,0,1,-6.305619527,LOWER
148,,2017,R3,2009,R3,MN:MN,MAT,4,ME,MRPCM,GENDER,Gender,Female,2,239.5559952,1,0,242.2710866,1,0,1,-2.715091379,EQUAL
149,,2017,R3,2009,R3,MN:MN,MAT,4,MI,MRPCM,GENDER,Gender,Male,1,236.8113307,1,0,237.5802861,1,0,1,-0.768955363,EQUAL
150,,2017,R3,2009,R3,MN:MN,MAT,4,MI,MRPCM,GENDER,Gender,Female,2,234.2812085,1,0,234.9529816,1,0,1,-0.671773057,EQUAL
151,,2017,R3,2009,R3,MN:MN,MAT,4,MN,MRPCM,GENDER,Gender,Male,1,250.3992494,1,0,251.2868955,1,0,1,-0.887646084,EQUAL
152,,2017,R3,2009,R3,MN:MN,MAT,4,MN,MRPCM,GENDER,Gender,Female,2,247.1810569,1,0,247.556902,1,0,1,-0.375845026,EQUAL
153,,2017,R3,2009,R3,MN:MN,MAT,4,MO,MRPCM,GENDER,Gender,Male,1,241.2361641,1,0,241.2338228,1,0,1,0.002341349,EQUAL
154,,2017,R3,2009,R3,MN:MN,MAT,4,MO,MRPCM,GENDER,Gender,Female,2,237.6815798,1,0,240.0938702,1,0,1,-2.41229038,EQUAL
155,,2017,R3,2009,R3,MN:MN,MAT,4,MS,MRPCM,GENDER,Gender,Male,1,235.4568755,1,0,226.6838904,1,0,1,8.77298506,HIGHER
156,,2017,R3,2009,R3,MN:MN,MAT,4,MS,MRPCM,GENDER,Gender,Female,2,233.9021712,1,0,227.854993,1,0,1,6.047178221,HIGHER
157,,2017,R3,2009,R3,MN:MN,MAT,4,MT,MRPCM,GENDER,Gender,Male,1,241.3452397,1,0,247.0098734,1,0,1,-5.664633634,LOWER
158,,2017,R3,2009,R3,MN:MN,MAT,4,MT,MRPCM,GENDER,Gender,Female,2,240.0414055,1,0,241.6644649,1,0,1,-1.623059481,EQUAL
159,,2017,R3,2009,R3,MN:MN,MAT,4,NC,MRPCM,GENDER,Gender,Male,1,241.8521672,1,0,243.9695966,1,0,1,-2.11742937,EQUAL
160,,2017,R3,2009,R3,MN:MN,MAT,4,NC,MRPCM,GENDER,Gender,Female,2,240.0058325,1,0,243.5792701,1,0,1,-3.573437619,LOWER
161,,2017,R3,2009,R3,MN:MN,MAT,4,ND,MRPCM,GENDER,Gender,Male,1,245.6263482,1,0,246.8088459,1,0,1,-1.182497714,EQUAL
162,,2017,R3,2009,R3,MN:MN,MAT,4,ND,MRPCM,GENDER,Gender,Female,2,242.7488561,1,0,243.5153071,1,0,1,-0.766450938,EQUAL
163,,2017,R3,2009,R3,MN:MN,MAT,4,NE,MRPCM,GENDER,Gender,Male,1,247.2209733,1,0,238.7568416,1,0,1,8.464131684,HIGHER
164,,2017,R3,2009,R3,MN:MN,MAT,4,NE,MRPCM,GENDER,Gender,Female,2,243.8434197,1,0,238.7398143,1,0,1,5.103605408,HIGHER
165,,2017,R3,2009,R3,MN:MN,MAT,4,NH,MRPCM,GENDER,Gender,Male,1,247.0152097,1,0,252.1974258,1,0,1,-5.182216136,LOWER
166,,2017,R3,2009,R3,MN:MN,MAT,4,NH,MRPCM,GENDER,Gender,Female,2,243.5917615,1,0,249.8650685,1,0,1,-6.273307075,LOWER
167,,2017,R3,2009,R3,MN:MN,MAT,4,NJ,MRPCM,GENDER,Gender,Male,1,248.2745697,1,0,248.4270377,1,0,1,-0.152468071,EQUAL
168,,2017,R3,2009,R3,MN:MN,MAT,4,NJ,MRPCM,GENDER,Gender,Female,2,247.4159119,1,0,244.5251381,1,0,1,2.89077376,EQUAL
169,,2017,R3,2009,R3,MN:MN,MAT,4,NM,MRPCM,GENDER,Gender,Male,1,230.41794,1,0,230.6408759,1,0,1,-0.222935834,EQUAL
170,,2017,R3,2009,R3,MN:MN,MAT,4,NM,MRPCM,GENDER,Gender,Female,2,228.9597938,1,0,229.3881713,1,0,1,-0.428377526,EQUAL
171,,2017,R3,2009,R3,MN:MN,MAT,4,NT,MRPCM,GENDER,Gender,Male,1,240.812409,1,0,240.6176492,1,0,1,0.194759756,EQUAL
172,,2017,R3,2009,R3,MN:MN,MAT,4,NT,MRPCM,GENDER,Gender,Female,2,238.5940002,1,0,238.6944197,1,0,1,-0.10041951,EQUAL
173,,2017,R3,2009,R3,MN:MN,MAT,4,NV,MRPCM,GENDER,Gender,Male,1,232.0763332,1,0,236.1033403,1,0,1,-4.027007052,EQUAL
174,,2017,R3,2009,R3,MN:MN,MAT,4,NV,MRPCM,GENDER,Gender,Female,2,231.282843,1,0,234.2039974,1,0,1,-2.921154449,EQUAL
175,,2017,R3,2009,R3,MN:MN,MAT,4,NY,MRPCM,GENDER,Gender,Male,1,237.6246512,1,0,241.8842705,1,0,1,-4.259619374,LOWER
176,,2017,R3,2009,R3,MN:MN,MAT,4,NY,MRPCM,GENDER,Gender,Female,2,233.4225455,1,0,239.3247083,1,0,1,-5.902162768,LOWER
177,,2017,R3,2009,R3,MN:MN,MAT,4,OH,MRPCM,GENDER,Gender,Male,1,241.4151473,1,0,245.4888563,1,0,1,-4.073708989,LOWER
178,,2017,R3,2009,R3,MN:MN,MAT,4,OH,MRPCM,GENDER,Gender,Female,2,240.4299969,1,0,241.8739448,1,0,1,-1.443947864,EQUAL
179,,2017,R3,2009,R3,MN:MN,MAT,4,OK,MRPCM,GENDER,Gender,Male,1,238.7284487,1,0,237.9327104,1,0,1,0.795738326,EQUAL
180,,2017,R3,2009,R3,MN:MN,MAT,4,OK,MRPCM,GENDER,Gender,Female,2,235.8625867,1,0,235.6251517,1,0,1,0.237434957,EQUAL
181,,2017,R3,2009,R3,MN:MN,MAT,4,OR,MRPCM,GENDER,Gender,Male,1,235.1656413,1,0,239.9242304,1,0,1,-4.758589063,LOWER
182,,2017,R3,2009,R3,MN:MN,MAT,4,OR,MRPCM,GENDER,Gender,Female,2,231.0436143,1,0,235.9717557,1,0,1,-4.928141427,LOWER
183,,2017,R3,2009,R3,MN:MN,MAT,4,PA,MRPCM,GENDER,Gender,Male,1,243.3370083,1,0,244.738227,1,0,1,-1.401218685,EQUAL
184,,2017,R3,2009,R3,MN:MN,MAT,4,PA,MRPCM,GENDER,Gender,Female,2,239.9799207,1,0,242.3648247,1,0,1,-2.384904024,EQUAL
185,,2017,R3,2009,R3,MN:MN,MAT,4,RI,MRPCM,GENDER,Gender,Male,1,238.1539833,1,0,240.4065545,1,0,1,-2.252571158,EQUAL
186,,2017,R3,2009,R3,MN:MN,MAT,4,RI,MRPCM,GENDER,Gender,Female,2,236.9472733,1,0,237.00482,1,0,1,-0.057546712,EQUAL
187,,2017,R3,2009,R3,MN:MN,MAT,4,SC,MRPCM,GENDER,Gender,Male,1,234.9054033,1,0,236.128728,1,0,1,-1.223324692,EQUAL
188,,2017,R3,2009,R3,MN:MN,MAT,4,SC,MRPCM,GENDER,Gender,Female,2,233.1288936,1,0,235.1828128,1,0,1,-2.053919152,EQUAL
189,,2017,R3,2009,R3,MN:MN,MAT,4,SD,MRPCM,GENDER,Gender,Male,1,243.7656205,1,0,243.4159228,1,0,1,0.349697708,EQUAL
190,,2017,R3,2009,R3,MN:MN,MAT,4,SD,MRPCM,GENDER,Gender,Female,2,239.3695192,1,0,240.6416357,1,0,1,-1.272116411,EQUAL
191,,2017,R3,2009,R3,MN:MN,MAT,4,TN,MRPCM,GENDER,Gender,Male,1,236.9641708,1,0,232.1633181,1,0,1,4.800852742,HIGHER
192,,2017,R3,2009,R3,MN:MN,MAT,4,TN,MRPCM,GENDER,Gender,Female,2,236.4169963,1,0,231.4680404,1,0,1,4.948955921,HIGHER
193,,2017,R3,2009,R3,MN:MN,MAT,4,TX,MRPCM,GENDER,Gender,Male,1,241.0455667,1,0,240.8848503,1,0,1,0.160716382,EQUAL
194,,2017,R3,2009,R3,MN:MN,MAT,4,TX,MRPCM,GENDER,Gender,Female,2,240.8321055,1,0,240.0262266,1,0,1,0.805878877,EQUAL
195,,2017,R3,2009,R3,MN:MN,MAT,4,UT,MRPCM,GENDER,Gender,Male,1,244.4630631,1,0,241.3084911,1,0,1,3.154572013,EQUAL
196,,2017,R3,2009,R3,MN:MN,MAT,4,UT,MRPCM,GENDER,Gender,Female,2,240.3107748,1,0,239.2707128,1,0,1,1.040062072,EQUAL
197,,2017,R3,2009,R3,MN:MN,MAT,4,VA,MRPCM,GENDER,Gender,Male,1,250.4792791,1,0,244.6510166,1,0,1,5.828262492,HIGHER
198,,2017,R3,2009,R3,MN:MN,MAT,4,VA,MRPCM,GENDER,Gender,Female,2,245.4720066,1,0,241.4090858,1,0,1,4.062920797,HIGHER
199,,2017,R3,2009,R3,MN:MN,MAT,4,VT,MRPCM,GENDER,Gender,Male,1,241.3230718,1,0,248.878935,1,0,1,-7.555863293,LOWER
200,,2017,R3,2009,R3,MN:MN,MAT,4,VT,MRPCM,GENDER,Gender,Female,2,240.4434016,1,0,246.5994257,1,0,1,-6.156024062,LOWER
201,,2017,R3,2009,R3,MN:MN,MAT,4,WA,MRPCM,GENDER,Gender,Male,1,243.2587772,1,0,242.386301,1,0,1,0.872476157,EQUAL
202,,2017,R3,2009,R3,MN:MN,MAT,4,WA,MRPCM,GENDER,Gender,Female,2,240.0872953,1,0,242.1216208,1,0,1,-2.034325423,EQUAL
203,,2017,R3,2009,R3,MN:MN,MAT,4,WI,MRPCM,GENDER,Gender,Male,1,241.6846167,1,0,244.6730231,1,0,1,-2.988406417,EQUAL
204,,2017,R3,2009,R3,MN:MN,MAT,4,WI,MRPCM,GENDER,Gender,Female,2,238.9828094,1,0,242.4100694,1,0,1,-3.427260001,EQUAL
205,,2017,R3,2009,R3,MN:MN,MAT,4,WV,MRPCM,GENDER,Gender,Male,1,236.527612,1,0,233.9941073,1,0,1,2.533504717,EQUAL
206,,2017,R3,2009,R3,MN:MN,MAT,4,WV,MRPCM,GENDER,Gender,Female,2,235.5821776,1,0,231.9295391,1,0,1,3.652638528,HIGHER
207,,2017,R3,2009,R3,MN:MN,MAT,4,WY,MRPCM,GENDER,Gender,Male,1,249.4317558,1,0,242.9470371,1,0,1,6.484718689,HIGHER
208,,2017,R3,2009,R3,MN:MN,MAT,4,WY,MRPCM,GENDER,Gender,Female,2,246.0675655,1,0,240.9895822,1,0,1,5.077983309,HIGHER
